trial_number,lr,num_epochs,unfreeze_epoch,max_length,validation_accuracy,total_time
0,4.0120806379223644e-05,6,0,64000,0.34579439252336447,3440.4533717632294
1,2.462483551095243e-06,2,5,80000,0.2336448598130841,807.3192050457001
