trial_number,lr,num_epochs,unfreeze_epoch,max_length,validation_accuracy,total_time
0,0.00013474565521804142,8,5,48000,0.16822429906542055,1220.4913277626038
1,2.1876934791891878e-06,1,0,32000,0.5607476635514018,156.68836736679077
2,0.0002596356391783839,3,4,48000,0.4953271028037383,347.83239936828613
3,2.4036945650359635e-05,9,5,48000,0.9439252336448598,1422.8094398975372
