lr,num_epochs,unfreeze_epoch,max_length,validation_accuracy,total_time
2.1451197631536917e-05,5,4,80000,0.719626168224299,893.1842212677002
1.0629777153500903e-06,4,3,64000,0.5700934579439252,646.6770234107971
0.00015328983246724645,3,3,64000,0.48598130841121495,418.8286237716675
1.5918410015342147e-06,9,4,32000,0.6448598130841121,1100.7575199604034
3.882649592562549e-06,7,0,160000,0.9158878504672897,3340.888706922531
0.0009663762134316895,5,2,48000,0.18691588785046728,736.2200810909271
